APN,New AIN,Old AIN
2040031029,,
2040031030,,
2040031050,2040-031-050,2040-031-050*
2040033033,,
2107011026,,
2107014004,,
2111016023,,
2111025021,,
2112024012,,
2112024025,,
2121005006,2121-005-024,2121-005-006*
2126006014,,
2126023007,,
2129035010,2129-035-083,2129-035-010*
2138013009,,
2149012014,,
2153025014,2153-025-019,2153-025-014*
2153027017,,
2160004003,2160-004-075,2160-004-003*
2161023015,,
2182008020,2182-008-021,2182-008-020*
2203017041,2203-017-046,2203-017-041*
2206035020,,
2209001020,2209-001-020,
2210020017,2210-020-036,2210-020-017*
2210020018,2210-020-036,2210-020-018*
2212010003,,
2213001024,,
2214026021,,
2216013038,,
2216017011,,
2217007037,2217-007-055,2217-007-037*
2217011064,2217-011-064,
2217014010,,
2219023005,2219-023-028,2219-023-005*
2219026021,2219-026-067,2219-026-021*
2219026052,2219-026-067,2219-026-052*
2221021005,,
2224004006,2224-004-084,2224-004-006*
2224008002,,
2224025013,2224-025-034,2224-025-013*
2224028045,,
2225009009,2225-009-016,2225-009-009*
2233014007,,
2233030001,,
2233030024,,
2235002005,2235-002-025,2235-002-005*
2236002012,,
2236008001,2236-008-039,2236-008-001*
2236020017,2236-020-029,2236-020-017*
2236022012,,
2237002023,,
2237020010,,
2237020011,,
2237021014,,
2238002013,,
2238006022,,
2238006032,2238-006-064,2238-006-032*
2239006030,2239-006-043,2239-006-030*
2240012012,2240-012-030,2240-012-012*
2240012013,2240-012-031,2240-012-013*
2240012014,2240-012-031,2240-012-014*
2240013006,2240-013-041,2240-013-006*
2240014025,,
2240019014,,
2240020001,2240-020-029,2240-020-001*
2240020002,,
2240020022,2240-020-028,2240-020-022*
2240021006,2240-021-030,2240-021-006*
2241002015,,
2241003014,,
2241007004,,
2241009019,,
2241009022,2241-009-037,2241-009-022*
2241010009,,
2241011020,2241-011-078,2241-011-020*
2241016011,2241-016-029,2241-016-011*
2241017002,2241-017-026,2241-017-002*
2241017004,2241-017-025,2241-017-004*
2241017006,,
2241017008,,
2241022005,,
2242017148,2242-017-148,
2242023010,2242-023-034,2242-023-010*
2243004007,2243-004-021,2243-004-007*
2243004008,2243-004-021,2243-004-008*
2243004009,2243-004-021,2243-004-009*
2243004010,2243-004-021,2243-004-010*
2243014029,,
2244006002,,
2244012003,,
2244012011,,
2244013003,,
2244018001,2244-018-020,2244-018-001*
2244018018,2244-018-020,2244-018-018*
2244018019,2244-018-020,2244-018-019*
2245027036,2245-027-048,2245-027-036*
2245027037,2245-027-048,2245-027-037*
2246005003,,
2246006001,,
2246011017,,
2248005019,2248-005-024,2248-005-019*
2248013018,,
2249001004,,
2249005017,,
2249005019,,
2249006005,2249-006-046,2249-006-005*
2249007007,2249-007-013,2249-007-007*
2250004006,2250-004-065,2250-004-006*
2263002013,2263-002-042,2263-002-013*
2263002014,2263-002-042,2263-002-014*
2263005010,2263-005-076,2263-005-010*
2263005011,2263-005-076,2263-005-011*
2263013015,,
2263017003,2263-017-038,2263-017-003*
2263017004,2263-017-038,2263-017-004*
2263017005,2263-017-038,2263-017-005*
2263030023,,
2264003013,2264-003-039,2264-003-013*
2264003016,2264-003-039,2264-003-016*
2264003039,2264-003-039,
2264004012,2264-004-043,2264-004-012*
2264004013,2264-004-043,2264-004-013*
2264016077,2264-016-077,2264-016-077*
2264020028,2264-020-127,2264-020-028*
2265004002,2265-004-032,2265-004-002*
2265011002,,
2265022032,2265-022-098,2265-022-032*
2266003011,2266-003-102,2266-003-011*
2266003012,2266-003-102,2266-003-012*
2266006019,2266-006-082,2266-006-019*
2266006080,2266-006-080,2266-006-080*
2266019014,,
2269018080,2269-018-103,2269-018-080*
2271005006,,
2276010020,,
2276025017,,
2276041017,,
2276042001,2276-042-021,2276-042-001*
2283023002,,
2310021041,2310-021-044,2310-021-041*
2314007017,,
2314008041,2314-008-094,2314-008-041*
2315025045,,
2315025046,,
2316020005,,
2317001010,,
2317017002,2317-017-024,2317-017-002*
2320015017,,
2320018013,,
2320019014,,
2320025021,,
2321011012,,
2321012019,,
2321014012,,
2321015029,2321-015-029,
2321019901,2321-019-901,
2321020907,2321-020-907,
2321020908,2321-020-908,
2321020909,2321-020-909,
2321020910,2321-020-910,
2321024001,,
2322015030,,
2322017024,,
2324029011,,
2324029019,,
2328003006,,
2328003007,,
2328033043,,
2329002009,,
2329002010,,
2329026018,,
2332021018,,
2333010017,,
2333011018,2333-011-043,2333-011-018*
2334014043,,
2334014050,,
2334014054,,
2335010018,,
2335025010,,
2335032014,,
2335032015,,
2335032017,,
2336016001,2336-016-034,2336-016-001*
2336016003,2336-016-034,2336-016-003*
2336016004,2336-016-022,2336-016-004*
2337012003,,
2337014005,2337-014-025,2337-014-005*
2337017026,,
2337028010,,
2337030004,,
2337030005,,
2337030019,,
2337031007,2337-031-035,2337-031-007*
2337031009,2337-031-037,2337-031-009*
2337033017,,
2337034016,,
2337036007,2337-036-024,2337-036-007*
2337037021,,
2337037023,,
2338006014,,
2338014024,2338-014-045,2338-014-024*
2338014025,,
2338023005,2338-023-015,2338-023-005*
2338024019,2338-024-043,2338-024-019*
2338027016,,
2338028003,,
2338028004,,
2338028005,,
2338028007,,
2338031012,,
2340006015,,
2340006017,,
2340015016,2340-015-054,2340-015-016*
2340028034,,
2341004012,,
2343006001,,
2343011018,2343-011-020,2343-011-018*
2343015018,,
2345004003,,
2347007004,2347-007-032,2347-007-004*
2347008021,,
2347019010,,
2347023003,,
2347024001,2347-025-015,2347-024-001*
2347025005,2347-025-013,2347-025-005*
2347025010,2347-025-015,2347-025-010*
2347025012,2347-025-013,2347-025-012*
2347026001,,
2347026007,2347-025-015,2347-026-007*
2348008049,,
2348010026,,
2348016066,,
2350003006,2350-003-059,2350-003-006*
2350003008,2350-003-059,2350-003-008*
2350003018,2350-003-060,2350-003-018*
2350004032,2350-004-070,2350-004-032*
2350005005,2350-005-107,2350-005-005*
2350005014,2350-005-110,2350-005-014*
2350005015,2350-005-110,2350-005-015*
2350005017,2350-005-105,2350-005-017*
2350005018,2350-005-105,2350-005-018*
2350005051,,
2350005052,2350-005-111,2350-005-052*
2350005054,2350-005-111,2350-005-054*
2350006024,2350-006-042,2350-006-024*
2350006026,2350-006-042,2350-006-026*
2350007040,,
2350007049,2350-007-071,2350-007-049*
2350007050,,
2350007068,2350-007-068,2350-007-068*
2350008039,,
2350008040,,
2350008041,,
2350009052,,
2350010015,,
2350010016,2350-010-058,2350-010-016*
2350010019,2350-010-058,2350-010-019*
2350010025,,
2350017009,2350-017-056,2350-017-009*
2350017014,,
2353002137,2353-002-137,
2353003015,,
2353003019,2353-003-058,2353-003-019*
2353005021,2353-005-027,2353-005-021*
2353005022,2353-005-027,2353-005-022*
2353005023,2353-005-030,2353-005-023*
2353005024,2353-005-030,2353-005-024*
2353006015,2353-005-030,2353-006-015*
2353006017,2353-006-026,2353-006-017*
2353006018,2353-006-026,2353-006-018*
2353006021,,
2353007001,2353-007-052,2353-007-001*
2353007002,2353-007-052,2353-007-002*
2353007008,2353-007-053,2353-007-008*
2353007011,2353-007-051,2353-007-011*
2353007012,2353-007-051,2353-007-012*
2353007013,2353-007-051,2353-007-013*
2353007031,2353-007-052,2353-007-031*
2353009002,,
2353009016,2353-009-031,2353-009-016*
2353012012,2353-012-037,2353-012-012*
2353012013,2353-012-037,2353-012-013*
2353013002,2353-013-099,2353-013-002*
2353013003,2353-013-101,2353-013-003*
2353013009,2353-013-099,2353-013-009*
2353013013,,
2353013019,2353-013-097,2353-013-019*
2353013036,2353-013-102,2353-013-036*
2353015001,,
2353015010,,
2353021001,,
2353021021,,
2353022008,2353-022-079,2353-022-008*
2353022009,2353-022-079,2353-022-009*
2353024018,2353-024-090,2353-024-018*
2353024019,2353-024-090,2353-024-019*
2353025033,,
2354004035,2354-004-076,2354-004-035*
2354012051,,
2354016022,2354-016-059,2354-016-022*
2354016023,2354-016-059,2354-016-023*
2354016024,2354-016-059,2354-016-024*
2355005037,,
2355005056,,
2355008039,,
2355019070,,
2356018014,,
2356020008,2356-020-025,2356-020-008*
2356020011,2356-020-025,2356-020-011*
2356024017,2356-024-061,2356-024-017*
2356037020,2356-037-047,2356-037-020*
2356037022,2356-037-047,2356-037-022*
2356037023,2356-037-047,2356-037-023*
2358032030,,
2359024031,,
2360002002,2360-002-046,2360-002-002*
2360004022,2360-004-121,2360-004-022*
2360004023,2360-004-121,2360-004-023*
2360004024,2360-004-121,2360-004-024*
2360004025,2360-004-121,2360-004-025*
2360005006,2360-005-062,2360-005-006*
2360010006,,
2360011005,2360-011-055,2360-011-005*
2360011006,2360-011-055,2360-011-006*
2360012006,2360-012-038,2360-012-006*
2360012009,2360-012-038,2360-012-009*
2360012014,2360-012-038,2360-012-014*
2360013012,,
2360021045,2360-021-045,
2360030039,2360-030-059,2360-030-039*
2362006013,2362-006-053,2362-006-013*
2362016020,2362-016-088,2362-016-020*
2362019013,2362-019-020,2362-019-013*
2364002048,2364-002-076,2364-002-048*
2364002051,2364-002-076,2364-002-051*
2364003046,2364-003-085,2364-003-046*
2364003047,2364-003-085,2364-003-047*
2364005020,2364-005-021,2364-005-020*
2364013018,,
2364013019,,
2364013020,,
2365002013,2365-002-022,2365-002-013*
2365013013,2365-013-026,2365-013-013*
2365013024,2365-013-026,2365-013-024*
2365014018,2365-014-045,2365-014-018*
2365016010,,
2365024005,2365-024-048,2365-024-005*
2365030007,2365-030-028,2365-030-007*
2365030008,2365-030-029,2365-030-008*
2365030028,2365-030-028,
2367004044,2367-004-091,2367-004-044*
2367014027,,
2367014040,2367-014-057,2367-014-040*
2368003017,2368-003-113,2368-003-017*
2368003018,2368-003-113,2368-003-018*
2368003019,2368-003-113,2368-003-019*
2368004011,2368-004-104,2368-004-011*
2368004012,2368-004-104,2368-004-012*
2368004020,2368-004-121,2368-004-020*
2368004021,2368-004-122,2368-004-021*
2368006016,,
2375003009,2375-003-044,2375-003-009*
2375008017,,
2375020153,2375-020-153,
2378004016,,
2378008012,,
2378013008,,
2404019047,,
2405019033,,
2409003006,2409-003-050,2409-003-006*
2409005002,2409-005-043,2409-005-002*
2409015040,2409-016-051,2409-015-040*
2409016020,2409-016-051,2409-016-020*
2410001031,2410-001-081,2410-001-031*
2414004013,,
2414004017,,
2414004019,,
2414027006,,
2415021019,,
2416006012,,
2416009015,,
2416023019,,
2416024005,2416-024-040,2416-024-005*
2416024006,2416-024-040,2416-024-006*
2416025001,,
2416025024,,
2416027008,2416-027-061,2416-027-008*
2416028025,2416-028-046,2416-028-025*
2417004010,,
2419001025,2419-001-046,2419-001-025*
2419004010,,
2419004011,,
2419004021,,
2419006015,,
2419008026,,
2419008027,,
2419010011,,
2419011007,,
2419011012,,
2419017010,2419-017-028,2419-017-010*
2419018012,2419-018-050,2419-018-012*
2421001023,2421-001-027,2421-001-023*
2421009005,2421-009-044,2421-009-005*
2421009005,2421-009-044,2421-009-005*
2421014009,2421-014-035,2421-014-009*
2421014010,2421-014-035,2421-014-010*
2421014011,2421-014-035,2421-014-011*
2421014031,,
2421014032,,
2421015004,,
2421015009,,
2421015023,,
2421022001,,
2421022002,,
2421022004,,
2421022026,,
2421024004,,
2421024012,,
2421030001,2421-030-028,2421-030-001*
2421030014,,
2421030015,,
2421030017,,
2421030018,,
2421030019,2421-030-019,2421-030-019*
2421034014,,
2423004012,,
2423011002,2423-011-045,2423-011-002*
2423011005,2423-011-045,2423-011-005*
2423013006,2423-013-110,2423-013-006*
2423014009,,
2423014013,,
2423016036,2423-016-115,2423-016-036*
2423018020,,
2423018021,,
2423018022,,
2423019009,2423-019-112,2423-019-009*
2423019010,2423-019-112,2423-019-010*
2423020010,2423-020-125,2423-020-010*
2423020011,2423-020-125,2423-020-011*
2423020012,2423-020-125,2423-020-012*
2423023004,2423-023-067,2423-023-004*
2423023005,2423-023-067,2423-023-005*
2423023006,,
2423023022,,
2423023023,,
2424002005,2424-002-048,2424-002-005*
2424005001,2424-005-063,2424-005-001*
2424006030,,
2424011002,2424-011-022,2424-011-002*
2424011003,2424-011-022,2424-011-003*
2424011004,2424-011-022,2424-011-004*
2424040007,,
2425002026,2425-002-043,2425-002-026*
2425003025,2425-003-053,2425-003-025*
2425005010,,
2425005018,,
2425005046,2425-005-046,2425-005-046*
2506015009,,
2506035010,2506-035-043,2506-035-010*
2506035040,2506-035-042,2506-035-040*
2537015054,2537-015-065,2537-015-054*
2556013018,2556-013-024,2556-013-018*
2558006002,2558-006-031,2558-006-002*
2558031003,,
2565008075,2565-008-092,2565-008-075*
2565013040,2565-013-102,2565-013-040*
2565013041,2565-013-102,2565-013-041*
2565014030,2565-014-152,2565-014-030*
2565014031,2565-014-152,2565-014-031*
2568015031,2568-015-073,2568-015-031*
2568016049,2568-016-062,2568-016-049*
2604019004,2604-019-031,2604-019-004*
2618023001,,
2620001009,2620-001-025,2620-001-009*
2631001016,2631-001-035,2631-001-016*
2631001017,2631-001-900,2631-001-017*
2638026001,2638-026-036,2638-026-001*
2638026002,2638-026-037,2638-026-002*
2638026003,2638-026-038,2638-026-003*
2638026004,2638-026-039,2638-026-004*
2649012006,,
2650019024,2650-019-043,2650-019-024*
2650034022,2650-034-056,2650-034-022*
2654025044,2654-025-173,2654-025-044*
2654027008,,
2656018032,2656-018-032,2656-018-032*
2656026031,,
2696001007,,
2733014033,,
2734031014,2734-031-027,2734-031-014*
2770017006,,
2785010002,,
2785018029,2785-018-069,2785-018-029*
2786005011,2786-005-032,2786-005-011*
2786005012,2786-005-032,2786-005-012*
4004007002,,
4005002011,4005-002-023,4005-002-011*
4005006022,,
4005010006,,
4006001011,,
4006004012,4006-004-032,4006-004-012*
4006006001,4006-006-035,4006-006-001*
4006007008,,
4006008019,,
4006018005,,
4006019008,,
4006020010,4006-020-047,4006-020-010*
4006020014,4006-020-047,4006-020-014*
4006020025,,
4012030002,,
4103008016,4103-008-099,4103-008-016*
4103008017,4103-008-099,4103-008-017*
4103009003,4103-009-097,4103-009-003*
4103009011,4103-009-098,4103-009-011*
4103009012,4103-009-098,4103-009-012*
4103009013,4103-009-098,4103-009-013*
4103010023,,
4103010024,4103-010-030,4103-010-024*
4103012016,,
4103015015,4103-015-035,4103-015-015*
4103018007,,
4103021006,,
4103021029,,
4103022009,,
4105015060,4105-015-060,4105-015-060*
4107020007,,
4107022007,4107-022-033,4107-022-007*
4107024028,,
4112030021,,
4112030022,,
4116033037,,
4116033049,,
4119037042,,
4122016003,,
4125009196,4125-009-196,4125-009-196*
4125009197,4125-009-196,4125-009-197*
4125011005,,
4125011006,4125-011-052,4125-011-006*
4125011010,,
4125011011,,
4125011012,,
4125011013,4125-011-051,4125-011-013*
4125011014,4125-011-051,4125-011-014*
4125012001,,
4125012010,4125-012-016,4125-012-010*
4125012011,4125-012-016,4125-012-011*
4125014004,4125-014-029,4125-014-004*
4125014005,4125-014-029,4125-014-005*
4125014022,4125-014-030,4125-014-022*
4125014030,4125-014-030,
4125015001,,
4125015002,,
4125016009,,
4125017002,4125-017-020,4125-017-002*
4125017003,4125-017-020,4125-017-003*
4125017009,,
4125017010,,
4125022916,4125-022-916,
4125023007,4125-023-931,4125-023-007*
4125023026,4125-023-925,4125-023-026*
4125023928,4125-023-928,
4128003918,4128-003-918,
4128003919,4128-003-919,
4128003920,4128-003-920,
4128005022,4128-005-925,4128-005-022*
4128005924,4128-005-924,
4128009036,4128-009-930,4128-009-036*
4128010001,4128-010-921,4128-010-001*
4128010019,4128-010-923,4128-010-019*
4128010020,4128-010-922,4128-010-020*
4128010918,4128-010-918,
4128011021,4128-011-919,4128-011-021*
4128011911,4128-011-911,
4128011912,4128-011-912,
4128011913,4128-011-913,
4128011914,4128-011-914,
4128011915,4128-011-915,
4128015005,4128-015-915,4128-015-005*
4128015914,4128-015-914,
4128016923,4128-016-923,
4128016924,4128-016-924,
4128016925,4128-016-925,
4128016926,4128-016-926,
4128017022,4128-017-924,4128-017-022*
4128017922,4128-017-922,
4128017923,4128-017-923,
4128018022,4128-018-919,4128-018-022*
4128019913,4128-019-913,
4128022911,4128-022-911,
4128022916,4128-022-916,
4128023902,4128-023-902,
4128023903,4128-023-903,
4128023905,4128-023-905,
4128023907,4128-023-907,
4128023908,4128-023-908,
4207004021,4207-004-037,4207-004-021*
4208005020,4208-005-037,4208-005-020*
4208009003,,
4208009004,,
4215023018,4215-023-033,4215-023-018*
4215031013,,
4217007003,,
4217008024,,
4217016002,,
4217026014,,
4217027002,,
4217027004,,
4220005040,4220-005-056,4220-005-040*
4220005041,4220-005-056,4220-005-041*
4220018041,,
4220020006,,
4221007026,4221-007-056,4221-007-026*
4221007027,,
4221019002,,
4221030037,,
4226003005,,
4226003021,,
4226005012,,
4226015007,4226-015-032,4226-015-007*
4226018020,,
4226018021,,
4226021019,,
4226023004,,
4227001007,4227-001-027,4227-001-007*
4227008001,,
4227014006,,
4227019012,,
4228003020,,
4228016020,4228-016-081,4228-016-020*
4229006062,,
4230003063,,
4230004002,,
4230004012,4230-004-039,4230-004-012*
4231017025,,
4232001010,,
4232001011,,
4232012033,4232-012-033,4232-012-033*
4232012034,4232-012-034,4232-012-034*
4232023032,4232-023-032,
4233007007,4233-007-062,4233-007-007*
4233009005,4233-009-046,4233-009-005*
4233016016,4233-016-035,4233-016-016*
4233018006,4233-018-022,4233-018-006*
4233018009,,
4233018012,,
4233019020,4233-019-031,4233-019-020*
4233020016,,
4233022010,4233-022-073,4233-022-010*
4233023087,4233-023-087,4233-023-087*
4234003014,,
4234003058,4234-008-047,4234-003-058*
4234003060,4234-003-060,4234-003-060*
4234008024,4234-008-046,4234-008-024*
4234008041,4234-008-046,4234-008-041*
4234014016,4234-014-031,4234-014-016*
4234015008,4234-015-028,4234-015-008*
4234017017,,
4235002002,4235-002-017,4235-002-002*
4235002003,4235-002-018,4235-002-003*
4235004009,4235-004-040,4235-004-009*
4235012003,,
4235016007,,
4235018028,4235-018-028,
4236004001,4236-004-045,4236-004-001*
4236004007,4236-004-044,4236-004-007*
4236005001,,
4236006013,,
4236006014,,
4236006015,,
4236008024,,
4236008031,,
4236008035,,
4236015022,,
4236018021,,
4236019020,4236-019-078,4236-019-020*
4236019021,4236-019-078,4236-019-021*
4236019022,4236-019-078,4236-019-022*
4236019026,,
4236021020,,
4236021021,,
4237007008,4237-007-045,4237-007-008*
4237008009,,
4237009023,,
4237018005,,
4237029009,,
4238003003,,
4238003015,,
4238004007,,
4238005040,,
4238010018,,
4238015009,,
4238016012,4238-016-031,4238-016-012*
4238017001,,
4238017038,,
4238019004,,
4238019007,4238-019-028,4238-019-007*
4238019010,,
4238020004,4238-020-042,4238-020-004*
4238020005,,
4238020006,,
4238021008,,
4238021020,4238-021-044,4238-021-020*
4238023020,4238-023-042,4238-023-020*
4239002012,,
4239002020,,
4239003012,,
4239006009,,
4239007017,,
4239011026,,
4239013002,,
4239013028,4239-013-040,4239-013-028*
4239021019,,
4239022021,,
4239023032,4239-023-045,4239-023-032*
4239025017,,
4239026038,4239-026-038,4239-026-038*
4239028006,,
4239029010,,
4240005019,,
4240005024,,
4240006009,,
4240006031,,
4240010010,,
4240010014,,
4240010032,4240-010-047,4240-010-032*
4240011024,,
4240013017,4240-013-047,4240-013-017*
4240013021,,
4240014012,,
4240014030,,
4240016055,,
4240016071,,
4241005027,4241-005-031,4241-005-027*
4241006026,4241-006-038,4241-006-026*
4241007008,4241-007-042,4241-007-008*
4241007016,,
4241009006,,
4241011002,,
4241011036,,
4241013005,,
4241013014,,
4241014022,,
4241015021,,
4241015022,,
4241016033,4241-016-035,4241-016-033*
4241019001,,
4241020029,,
4241021014,,
4241024027,,
4241027015,,
4241028005,4241-028-018,4241-028-005*
4241029029,,
4241032004,,
4241033013,,
4242001028,,
4242002016,,
4242013023,,
4242013024,4242-013-026,4242-013-024*
4242014015,,
4242014025,,
4243002065,4243-002-073,4243-002-065*
4243011013,,
4244019018,,
4244019023,,
4244020033,,
4244025012,,
4244025030,,
4244026006,,
4244027016,,
4244028003,,
4244028021,,
4245023022,,
4246007015,,
4246008010,,
4246028015,,
4248023002,,
4248023012,,
4248026019,4248-026-042,4248-026-019*
4248027003,4248-027-031,4248-027-003*
4248027003,4248-027-031,4248-027-003*
4249026027,,
4250024027,4250-024-027,4250-024-027*
4250024030,4250-024-029,4250-024-030*
4251002003,4251-002-023,4251-002-003*
4252007021,4252-007-041,4252-007-021*
4252007039,4252-007-041,4252-007-039*
4252008020,,
4252008023,,
4252020024,4252-020-049,4252-020-024*
4252021017,,
4252023016,,
4252024020,,
4252025007,,
4252025030,,
4252025032,4252-025-043,4252-025-032*
4252025033,4252-025-043,4252-025-033*
4252030034,,
4252034039,4252-034-039,4252-034-039*
4252034042,4252-034-042,4252-034-042*
4252035041,4252-035-041,
4254024024,4254-024-072,4254-024-024*
4254026009,,
4256012001,,
4256012009,,
4256013024,,
4256015013,,
4256015014,,
4256030015,,
4257013024,,
4257022046,4257-022-058,4257-022-046*
4258017005,,
4258017062,4258-017-064,4258-017-062*
4259004030,,
4259014019,4259-014-063,4259-014-019*
4259015031,,
4259027011,,
4259027012,,
4259027013,,
4259031007,,
4259039008,4259-039-054,4259-039-008*
4260006006,4260-006-062,4260-006-006*
4260006007,4260-006-059,4260-006-007*
4260032006,4260-032-060,4260-032-006*
4260032036,4260-032-059,4260-032-036*
4260032040,,
4260032044,4260-032-060,4260-032-044*
4260032045,4260-032-060,4260-032-045*
4260032059,4260-032-059,
4260033029,,
4260034033,,
4260040011,,
4261001003,4261-001-030,4261-001-003*
4261001004,4261-001-030,4261-001-004*
4261001005,4261-001-030,4261-001-005*
4261001006,,
4261006008,4261-006-027,4261-006-008*
4261006009,4261-006-027,4261-006-009*
4261008013,,
4261008014,4261-008-024,4261-008-014*
4261009030,,
4261013031,,
4261014012,4261-014-117,4261-014-012*
4261014013,4261-014-117,4261-014-013*
4261014020,4261-014-106,4261-014-020*
4261019006,4261-019-181,4261-019-006*
4261021013,4261-021-037,4261-021-013*
4261021024,,
4261022052,,
4261024022,4261-024-096,4261-024-022*
4261024025,4261-024-096,4261-024-025*
4261024026,4261-024-096,4261-024-026*
4261027003,,
4261028020,,
4261031002,4261-031-036,4261-031-002*
4261031003,4261-031-036,4261-031-003*
4261031020,4261-031-036,4261-031-020*
4261032003,,
4261032007,,
4261033002,4261-033-027,4261-033-002*
4261036019,4261-036-041,4261-036-019*
4261037019,,
4262003005,,
4262013008,4262-013-064,4262-013-008*
4262015009,4262-015-079,4262-015-009*
4262017022,4262-017-100,4262-017-022*
4262018026,,
4262019024,,
4262021012,,
4262021013,,
4262022026,4262-022-091,4262-022-026*
4262027023,,
4262027027,,
4262027029,,
4262029004,,
4262030006,4262-030-054,4262-030-006*
4263007028,,
4263007078,4263-007-244,4263-007-078*
4263007079,4263-007-244,4263-007-079*
4263007082,4263-007-244,4263-007-082*
4263007085,4263-007-244,4263-007-085*
4263008009,,
4263009030,,
4263011009,4263-011-117,4263-011-009*
4263011011,4263-011-117,4263-011-011*
4263015016,4263-015-069,4263-015-016*
4263015019,4263-015-069,4263-015-019*
4263016013,4263-016-079,4263-016-013*
4263020011,,
4263023020,4263-023-095,4263-023-020*
4263031016,4263-031-043,4263-031-016*
4263031018,4263-031-043,4263-031-018*
4263032033,,
4263033021,4263-033-066,4263-033-021*
4263033022,4263-033-066,4263-033-022*
4263034017,,
4263034024,,
4263034027,4263-034-036,4263-034-027*
4263034028,4263-034-036,4263-034-028*
4263034029,4263-034-036,4263-034-029*
4263039017,,
4264007009,4264-007-052,4264-007-009*
4264011019,,
4264015021,4264-015-044,4264-015-021*
4264015022,4264-015-045,4264-015-022*
4264015023,4264-015-046,4264-015-023*
4264015026,,
4264015026,,
4264026029,,
4264026030,,
4265005019,,
4265007044,4265-007-078,4265-007-044*
4265007045,4265-007-078,4265-007-045*
4265008042,,
4265012047,,
4265013062,,
4265015010,4265-015-252,4265-015-010*
4265015011,4265-015-252,4265-015-011*
4265015039,4265-015-251,4265-015-039*
4265015148,4265-015-251,4265-015-148*
4265015149,4265-015-251,4265-015-149*
4265017003,,
4265017031,4265-017-207,4265-017-031*
4265017032,4265-017-207,4265-017-032*
4265017034,,
4265017049,4265-017-208,4265-017-049*
4265021035,,
4267029014,,
4267030003,4267-030-030,4267-030-003*
4267034013,4267-034-127,4267-034-013*
4267034100,4267-034-100,
4267034101,4267-034-101,
4267036009,,
4286001009,,
4286007006,,
4286007007,,
4286010018,,
4286015017,,
4286019003,,
4286019019,,
4286021005,,
4286021011,,
4286021019,,
4286030009,,
4288028021,,
4294005053,,
4301005023,,
4301005031,,
4301007025,,
4302018013,,
4302019012,,
4302019013,,
4302019016,,
4302022006,4302-022-027,4302-022-006*
4302023007,,
4302032012,,
4302034017,,
4303002016,,
4303002017,,
4303003017,,
4303003030,,
4303006005,,
4303011033,,
4303012014,4303-012-097,4303-012-014*
4303012059,4303-012-102,4303-012-059*
4303012060,4303-012-102,4303-012-060*
4303018010,4303-018-039,4303-018-010*
4303018026,4303-018-040,4303-018-026*
4303018027,4303-018-040,4303-018-027*
4303019024,,
4303030001,,
4303032017,,
4305014014,,
4306002008,4306-002-024,4306-002-008*
4306002009,4306-002-024,4306-002-009*
4306002010,4306-002-024,4306-002-010*
4306003009,4306-003-049,4306-003-009*
4306003010,,
4306008024,,
4306009021,4306-009-045,4306-009-021*
4306015027,4306-015-060,4306-015-027*
4311017033,,
4311022011,,
4311024013,4311-024-034,4311-024-013*
4311025039,4311-025-039,4311-025-039*
4311025040,4311-025-039,4311-025-040*
4311026007,,
4311027012,,
4311032028,,
4312003032,,
4312011006,4312-011-039,4312-011-006*
4312011007,4312-011-039,4312-011-007*
4312017035,,
4312020025,4312-019-018,4312-020-025*
4313003029,,
4313006003,4313-006-042,4313-006-003*
4313006040,4313-006-039,4313-006-040*
4313009028,4313-009-140,4313-009-028*
4313009034,4313-009-140,4313-009-034*
4313014022,,
4313015016,,
4313016025,4313-016-049,4313-016-025*
4313016027,4313-016-049,4313-016-027*
4313017020,,
4313020033,,
4314004009,4314-004-038,4314-004-009*
4314005015,4314-005-041,4314-005-015*
4314008015,,
4314008029,4314-008-051,4314-008-029*
4314009015,,
4314010014,,
4314010015,,
4314010022,,
4314010076,4314-010-076,
4314010090,4314-010-090,4314-010-090*
4314011049,4314-011-049,4314-011-049*
4314011050,4314-011-050,4314-011-050*
4314013010,4314-013-031,4314-013-010*
4314017003,4314-017-028,4314-017-003*
4314017004,4314-017-028,4314-017-004*
4314017006,4314-017-028,4314-017-006*
4314018019,4314-018-022,4314-018-019*
4314018020,4314-018-022,4314-018-020*
4314022036,,
4314023024,,
4315012002,4315-012-066,4315-012-002*
4315014001,4315-014-089,4315-014-001*
4315014028,4315-014-094,4315-014-028*
4315014029,4315-014-094,4315-014-029*
4315016006,,
4315017036,4315-017-082,4315-017-036*
4315017037,4315-017-082,4315-017-037*
4315018048,,
4317001005,4317-001-174,4317-001-005*
4317001016,,
4317002005,,
4317002006,,
4317002007,,
4317002025,,
4317002026,,
4317004013,4317-004-135,4317-004-013*
4317004016,,
4317012061,,
4317012062,,
4318002024,,
4318005024,,
4319009031,,
4319009032,,
4319009033,,
4319009034,,
4319009035,,
4319009051,,
4320002028,4320-002-063,4320-002-028*
4320002029,4320-002-064,4320-002-029*
4321004009,4321-004-174,4321-004-009*
4321004010,4321-004-174,4321-004-010*
4321004026,4321-004-173,4321-004-026*
4321005052,4321-005-083,4321-005-052*
4321005055,,
4321008017,4321-008-145,4321-008-017*
4321008018,4321-008-145,4321-008-018*
4321008025,,
4321010039,4321-010-188,4321-010-039*
4322001015,4322-001-022,4322-001-015*
4322017001,4322-017-087,4322-017-001*
4323006013,4323-006-109,4323-006-013*
4323006015,4323-006-109,4323-006-015*
4323006027,,
4323007034,4323-007-137,4323-007-034*
4323007035,4323-007-137,4323-007-035*
4323007036,4323-007-137,4323-007-036*
4323007037,,
4323012013,4323-012-162,4323-012-013*
4323013044,,
4323023033,,
4324003010,,
4324007017,,
4324014072,4324-014-072,
4324023012,,
4324030010,4324-030-108,4324-030-010*
4324032003,,
4324032019,,
4324038001,4324-038-001,
4324038002,4324-038-002,
4325001017,,
4325013012,,
4325013013,,
4325013014,,
4325019003,,
4325019004,,
4325019018,,
4325023011,,
4325023017,,
4325025012,,
4325025084,4325-025-084,
4326001022,4326-001-219,4326-001-022*
4326001023,4326-001-219,4326-001-023*
4326002017,4326-002-200,4326-002-017*
4326003014,4326-003-226,4326-003-014*
4326003015,4326-003-226,4326-003-015*
4326025010,,
4326025128,4326-025-128,4326-025-128*
4326032015,4326-032-034,4326-032-015*
4326032016,4326-032-034,4326-032-016*
4327005018,4327-005-102,4327-005-018*
4327005019,4327-005-102,4327-005-019*
4330005016,4330-005-093,4330-005-016*
4330005039,,
4330005041,,
4330013002,4330-013-118,4330-013-002*
4330013003,4330-013-118,4330-013-003*
4330013004,4330-013-118,4330-013-004*
4330013005,4330-013-118,4330-013-005*
4330024021,4330-024-041,4330-024-021*
4330035009,,
4332002026,4332-002-060,4332-002-026*
4332002044,4332-002-059,4332-002-044*
4332002045,4332-002-059,4332-002-045*
4332002046,4332-002-059,4332-002-046*
4332016034,,
4332017013,4332-017-048,4332-017-013*
4332017014,4332-017-048,4332-017-014*
4332018031,4332-018-062,4332-018-031*
4332018032,4332-018-062,4332-018-032*
4332018035,4332-018-078,4332-018-035*
4332018042,4332-018-078,4332-018-042*
4332019006,4332-019-095,4332-019-006*
4332019021,4332-019-094,4332-019-021*
4332019029,,
4332019033,4332-019-093,4332-019-033*
4332019034,4332-019-093,4332-019-034*
4332021026,,
4332021027,,
4332022020,,
4332022034,,
4332022040,4332-022-047,4332-022-040*
4332022041,4332-022-047,4332-022-041*
4332023025,4332-023-054,4332-023-025*
4332023026,4332-023-054,4332-023-026*
4332023027,4332-023-054,4332-023-027*
4332025021,,
4332025022,4332-025-032,4332-025-022*
4332025026,4332-025-033,4332-025-026*
4332025027,4332-025-033,4332-025-027*
4332025028,,
4332029001,4332-029-021,4332-029-001*
4332030002,,
4332030004,4332-030-031,4332-030-004*
4332030005,4332-030-031,4332-030-005*
4332030006,,
4332030007,,
4333012024,,
4333012025,,
4333013007,,
4333020009,,
4333020016,4333-020-080,4333-020-016*
4333020017,4333-020-080,4333-020-017*
4333020029,,
4333022012,4333-022-041,4333-022-012*
4333022013,4333-022-041,4333-022-013*
4333023012,,
4333024030,4333-024-054,4333-024-030*
4334015003,,
4334015010,4334-015-135,4334-015-010*
4334015011,4334-015-135,4334-015-011*
4334015012,4334-015-135,4334-015-012*
4334015013,4334-015-135,4334-015-013*
4334015014,4334-015-135,4334-015-014*
4334016008,4334-016-104,4334-016-008*
4334016030,,
4334016038,,
4335001006,4335-001-094,4335-001-006*
4335001007,4335-001-094,4335-001-007*
4335001018,4335-001-093,4335-001-018*
4335001019,4335-001-093,4335-001-019*
4335006027,,
4335007123,4335-007-123,
4335008011,,
4335008015,,
4335014028,4335-014-062,4335-014-028*
4335014036,4335-014-062,4335-014-036*
4337001004,,
4360004012,4360-004-219,4360-004-012*
4360004013,4360-004-219,4360-004-013*
4360006017,,
4363005019,4363-005-047,4363-005-019*
4363005020,4363-005-047,4363-005-020*
4363007020,4363-007-247,4363-007-020*
4363009002,,
4363010022,,
4363014009,,
4363014010,,
4368015003,,
4378018002,4378-018-109,4378-018-002*
4401002010,4401-002-131,4401-002-010*
4401010011,4401-010-104,4401-010-011*
4401010105,4401-010-105,4401-010-105*
4401017007,,
4401024026,,
4401026046,4401-026-046,4401-026-046*
4401029081,4401-029-081,
4402022010,,
4402022011,,
4404001011,,
4404003007,,
4404009008,,
4404012010,,
4412004025,,
4412005026,4412-005-047,4412-005-026*
4413012015,,
4420009035,4420-009-044,4420-009-035*
5001015006,,
5001026041,5001-026-041,
5001030016,,
5001032002,,
5001037009,,
5002013008,,
5006019001,5006-019-028,5006-019-001*
5013013003,,
5013013004,,
5013015014,5013-015-032,5013-015-014*
5013015030,5013-015-032,5013-015-030*
5013024011,,
5014019002,,
5014020010,,
5014026022,,
5015040024,,
5015040027,5015-040-035,5015-040-027*
5016016004,,
5016024015,,
5016029001,,
5018004003,,
5018004004,,
5018006016,,
5018023034,,
5018026017,5018-026-030,5018-026-017*
5018027017,,
5018027018,,
5018027019,,
5018028009,5018-028-031,5018-028-009*
5018033017,,
5019006016,5019-006-032,5019-006-016*
5019006018,5019-006-032,5019-006-018*
5019008027,,
5019019004,,
5019019010,,
5019019016,,
5020011021,,
5020025011,,
5020025014,,
5020034018,,
5021004004,,
5021009014,5021-009-036,5021-009-014*
5021016028,,
5021028002,,
5023017013,,
5032015003,,
5034019024,,
5035007005,,
5035014010,,
5035018026,,
5035022005,,
5035024018,,
5036002020,,
5036003001,,
5036015020,,
5036020025,,
5036029019,,
5037002012,,
5037003004,,
5037003004,,
5037004006,,
5037004017,,
5037004019,,
5037004021,,
5037004025,,
5037007001,5037-007-036,5037-007-001*
5037007013,,
5037007021,5037-007-037,5037-007-021*
5037007022,5037-007-037,5037-007-022*
5037008001,5037-008-030,5037-008-001*
5037012001,,
5037012002,,
5037012023,,
5037014002,,
5037016026,,
5037019021,,
5037019034,,
5037019040,,
5037020012,,
5037020040,,
5037020046,,
5037021010,,
5037021027,5037-021-027,
5037022024,5037-022-024,5037-022-024*
5037023019,,
5037023020,,
5037023021,,
5037025007,,
5037031005,,
5037031006,,
5037031007,,
5037031008,,
5037031009,,
5037031014,5037-031-025,5037-031-014*
5037031015,,
5037032003,,
5037032004,,
5037032005,,
5037032006,,
5037032007,,
5037032008,,
5037032041,5037-032-041,
5037032048,5037-032-048,
5039019046,,
5040001009,5040-001-025,5040-001-009*
5040001011,,
5040003001,,
5040003007,,
5040003014,5040-003-025,5040-003-014*
5040003014,5040-003-025,5040-003-014*
5040004018,,
5040004019,,
5040006018,,
5040008006,5040-008-031,5040-008-006*
5040008006,5040-008-031,5040-008-006*
5040009026,,
5040011012,,
5040011019,,
5040012022,,
5040013012,,
5040013027,,
5040013033,,
5040014004,,
5040014005,,
5040014014,,
5040014029,,
5040015004,5040-015-041,5040-015-004*
5040015026,,
5040017009,5040-017-031,5040-017-009*
5040017020,5040-017-032,5040-017-020*
5040017022,,
5040018009,,
5040018015,,
5040018031,5040-018-031,
5040019004,5040-019-047,5040-019-004*
5040019005,5040-019-047,5040-019-005*
5040019007,5040-019-047,5040-019-007*
5040019016,,
5040020018,,
5040021021,,
5040024005,,
5040024015,,
5040028005,,
5040028020,,
5040028021,,
5040029007,,
5040029017,5040-029-027,5040-029-017*
5040029018,5040-029-026,5040-029-018*
5040030002,5040-030-045,5040-030-002*
5040030008,5040-030-042,5040-030-008*
5040030030,5040-030-046,5040-030-030*
5040031002,,
5040031032,,
5040031033,,
5040031035,5040-031-044,5040-031-035*
5040032001,5040-032-042,5040-032-001*
5040032002,5040-032-034,5040-032-002*
5040033013,,
5041001004,,
5041001038,,
5041008016,,
5041008018,,
5041009010,,
5041009014,5041-009-028,5041-009-014*
5041009015,5041-009-028,5041-009-015*
5041009024,,
5041010024,,
5041011010,,
5041012026,,
5041012042,,
5041016017,,
5041017015,,
5041019014,,
5041019015,,
5041019031,,
5041020022,,
5041020028,,
5041022004,,
5041025007,,
5041025026,,
5041026016,,
5041027002,,
5041027022,,
5041028028,,
5041029019,,
5041029029,,
5041035051,,
5043001008,,
5043001028,,
5043004030,,
5043010005,,
5043010017,,
5043015012,,
5043015019,,
5043024023,5043-024-029,5043-024-023*
5043025024,,
5044007013,,
5044018008,,
5044027022,,
5046006024,,
5046006025,5046-006-034,5046-006-025*
5046006026,5046-006-034,5046-006-026*
5046006027,5046-006-034,5046-006-027*
5046007017,,
5046014005,,
5046014006,,
5046014010,5046-014-022,5046-014-010*
5046014011,5046-014-022,5046-014-011*
5046015022,,
5046015024,,
5046015025,5046-015-033,5046-015-025*
5046015026,5046-015-033,5046-015-026*
5046015027,5046-015-034,5046-015-027*
5046015028,5046-015-034,5046-015-028*
5046015029,5046-015-032,5046-015-029*
5046015030,5046-015-032,5046-015-030*
5047018005,,
5048001031,5048-001-086,5048-001-031*
5048020014,,
5048021020,,
5049001043,,
5049001045,,
5049023050,,
5049024036,,
5049024040,,
5049026022,,
5050001012,,
5050002003,,
5050002028,,
5050011008,,
5050011022,,
5050015010,,
5050015011,,
5050027061,,
5050028040,,
5050028047,,
5050030058,,
5051008005,,
5051009002,,
5051011006,,
5051011007,,
5051015006,,
5051017028,,
5051024009,,
5051028004,,
5052004007,,
5052009018,,
5052014014,,
5053017018,,
5053018021,,
5053019007,,
5053027029,,
5053032037,,
5053035010,,
5054022010,,
5055002006,,
5055003004,,
5055021008,,
5055024015,5055-024-015,
5055025009,,
5055026032,5055-026-040,5055-026-032*
5056001011,,
5056002023,,
5056003019,,
5056008006,,
5056010025,,
5056012025,,
5056014024,,
5056016005,,
5056016015,,
5057001021,,
5057003009,,
5057005009,,
5057007018,,
5057008017,,
5057009002,,
5057013020,,
5057016023,,
5057023033,5057-023-038,5057-023-033*
5058020006,5058-020-045,5058-020-006*
5058021017,,
5058021024,,
5058021028,,
5058022023,,
5058024014,,
5059025014,5059-025-031,5059-025-014*
5059026017,,
5060006012,,
5060021010,,
5061011025,,
5061014003,5061-014-023,5061-014-003*
5061016006,,
5061025008,,
5062001010,,
5062012023,,
5062017013,,
5062027019,,
5062027031,,
5063002007,5063-002-037,5063-002-007*
5063002025,,
5063007058,,
5063007068,,
5063011005,,
5063012064,,
5063023005,,
5063025027,5063-025-027,
5064002017,,
5064007032,,
5064009032,,
5064015009,,
5064016009,,
5064019001,,
5064019011,,
5064023007,,
5064023009,,
5064023016,5064-023-028,5064-023-016*
5064023017,5064-023-028,5064-023-017*
5064023018,5064-023-028,5064-023-018*
5065006016,,
5065008009,5065-008-023,5065-008-009*
5065021009,,
5066005004,,
5067002050,,
5067002055,,
5067003010,,
5067004025,,
5067004044,,
5067005014,,
5067005018,,
5067007029,,
5067008019,,
5067009008,,
5067010004,,
5067011021,,
5067013028,,
5067018013,,
5067018026,,
5067019025,5067-019-046,5067-019-025*
5067019026,5067-019-058,5067-019-026*
5067019027,5067-019-058,5067-019-027*
5068003003,,
5068004030,,
5068006007,5068-006-031,5068-006-007*
5068007013,,
5068007019,5068-007-028,5068-007-019*
5068007020,5068-007-028,5068-007-020*
5068016022,5068-016-058,5068-016-022*
5068017013,5068-017-052,5068-017-013*
5068017016,5068-017-054,5068-017-016*
5068017024,5068-017-053,5068-017-024*
5068017036,,
5068017038,,
5068018004,5068-018-066,5068-018-004*
5068018034,5068-018-065,5068-018-034*
5068021024,,
5068022025,,
5068026012,,
5068026015,,
5068026019,5068-026-030,5068-026-019*
5069008018,,
5069015014,5069-015-023,5069-015-014*
5069018014,,
5069018019,,
5069019003,5069-019-040,5069-019-003*
5069019031,,
5069023003,,
5069026016,,
5069034004,,
5070001029,,
5070005013,,
5070008016,,
5070009014,,
5070009024,,
5070014010,,
5070014041,,
5070018007,,
5071009038,,
5071013046,,
5071015043,,
5071018006,5071-018-044,5071-018-006*
5071018007,5071-018-044,5071-018-007*
5071018027,,
5071020028,,
5071021031,,
5071022013,,
5071022030,,
5071023015,,
5071023036,,
5071024023,,
5071024039,,
5072001027,,
5072009029,,
5072010038,,
5072013010,,
5072017013,5072-017-016,5072-017-013*
5072022012,,
5072033016,,
5073005002,5073-005-020,5073-005-002*
5073009011,5073-009-018,5073-009-011*
5073017016,,
5073018013,,
5073025007,,
5074001018,,
5074008004,,
5074008013,,
5074025022,,
5075003007,,
5075007007,,
5075007008,,
5075007009,,
5075008010,,
5075008019,,
5075008043,,
5075010023,5075-010-029,5075-010-023*
5075010031,5075-010-030,
5075010034,5075-010-030,
5075019004,,
5075019009,,
5075022003,,
5075029012,,
5075029015,,
5075030007,,
5075030008,,
5075032011,,
5076002013,,
5076006025,,
5076009012,,
5076009013,,
5076011002,,
5076011003,,
5076012018,,
5076013002,,
5076014014,5076-014-043,5076-014-014*
5076016009,5076-016-027,5076-016-009*
5076018013,,
5076018014,,
5076019019,5076-019-031,5076-019-019*
5076019023,5076-019-031,5076-019-023*
5077001014,5077-005-028,5077-001-014*
5077015011,5077-015-020,5077-015-011*
5077015012,5077-015-020,5077-015-012*
5077015019,5077-015-018,
5077016017,5077-016-030,5077-016-017*
5077016018,5077-016-030,5077-016-018*
5077016019,5077-016-030,5077-016-019*
5077016020,5077-016-030,5077-016-020*
5077018005,,
5077020006,,
5077021014,5077-021-029,5077-021-014*
5077021015,5077-021-029,5077-021-015*
5077022017,5077-022-059,5077-022-017*
5077022018,5077-022-059,5077-022-018*
5077022025,5077-021-029,5077-022-025*
5077022059,5077-022-059,
5077023015,5077-023-032,5077-023-015*
5077024038,5077-024-038,5077-024-038*
5077025007,5077-025-032,5077-025-007*
5077025015,5077-025-033,5077-025-015*
5077028034,5077-028-034,
5077029004,,
5077029006,,
5077029021,5077-029-032,5077-029-021*
5078001002,,
5078002020,,
5078003003,5078-003-038,5078-003-003*
5078003005,,
5078004019,5078-004-029,5078-004-019*
5078006016,,
5078006018,,
5078006019,,
5078006028,5078-006-028,
5078007001,,
5078007002,,
5078008035,5078-008-035,
5078012003,,
5078012004,,
5078012005,,
5078013005,,
5078014011,,
5078014012,,
5078014048,5078-014-048,
5078015021,5078-015-057,5078-015-021*
5078016010,5078-016-049,5078-016-010*
5078016016,5078-016-047,5078-016-016*
5078017004,5078-017-024,5078-017-004*
5078017007,5078-017-024,5078-017-007*
5078018007,,
5078019007,5078-019-028,5078-019-007*
5078019028,5078-019-028,
5078020018,5078-020-027,5078-020-018*
5078020019,5078-020-027,5078-020-019*
5078022001,,
5078022003,,
5078022004,,
5078022028,5078-022-029,5078-022-028*
5078031011,,
5078033013,,
5078035018,,
5078035020,,
5080009026,,
5080012011,5080-012-033,5080-012-011*
5080013018,5080-013-051,5080-013-018*
5080013019,5080-013-051,5080-013-019*
5080013020,5080-013-052,5080-013-020*
5080013021,5080-013-052,5080-013-021*
5080014003,5080-014-052,5080-014-003*
5080014024,,
5080014025,,
5080016008,5080-016-022,5080-016-008*
5080016009,5080-016-022,5080-016-009*
5080017004,5080-017-107,5080-017-004*
5080017009,5080-017-108,5080-017-009*
5080017016,,
5080018055,5080-018-055,
5080021017,5080-021-029,5080-021-017*
5080021027,5080-021-029,5080-021-027*
5080021071,5080-021-071,
5080022014,,
5080026006,,
5080027007,,
5080029012,,
5080030003,5080-030-044,5080-030-003*
5080030004,5080-030-044,5080-030-004*
5080030005,5080-030-045,5080-030-005*
5080030020,5080-030-044,5080-030-020*
5080030022,5080-030-044,5080-030-022*
5080030023,5080-030-044,5080-030-023*
5080031003,5080-031-055,5080-031-003*
5080031004,5080-031-055,5080-031-004*
5080033021,,
5080034017,,
5080035009,,
5081007009,5081-007-026,5081-007-009*
5081008001,,
5081008003,,
5081010006,5081-010-043,5081-010-006*
5081010007,5081-010-043,5081-010-007*
5082006030,,
5082009025,,
5082014015,,
5082014025,,
5082014029,,
5082019025,,
5082019027,,
5082022022,,
5083002010,,
5083003011,,
5083006007,,
5083006023,,
5083007006,,
5083011024,,
5083016003,,
5083017023,,
5083018006,,
5083022008,,
5083024019,,
5083025003,,
5083031002,5083-031-084,5083-031-002*
5083031026,,
5084004015,,
5084005013,,
5084006006,,
5084012019,,
5084027021,,
5084028026,,
5084029036,,
5084030011,,
5084030019,,
5084032004,,
5084032023,,
5084032024,,
5085002018,,
5085006004,,
5085010002,,
5085014001,5085-014-046,5085-014-001*
5085022009,,
5085022024,,
5085023011,,
5085036015,,
5086010012,,
5086010013,5086-010-901,5086-010-013*
5086012032,5086-012-032,5086-012-032*
5086013021,,
5086021015,5086-021-058,5086-021-015*
5086021033,,
5086026003,,
5087001024,,
5087013021,,
5087020031,,
5087021022,,
5087027017,,
5088010019,,
5089005010,,
5089014006,,
5089014034,,
5090031009,,
5092002029,5092-002-047,5092-002-029*
5092021013,,
5092022006,,
5092022007,,
5092022011,5092-022-033,5092-022-011*
5092023013,5092-023-041,5092-023-013*
5092025019,5092-025-030,5092-025-019*
5092026010,5092-026-042,5092-026-010*
5092027007,5092-027-028,5092-027-007*
5092027008,5092-027-028,5092-027-008*
5092027019,,
5092028019,,
5093004009,5093-004-069,5093-004-009*
5093004014,5093-004-068,5093-004-014*
5093017018,5093-017-042,5093-017-018*
5093022007,5093-022-027,5093-022-007*
5093022008,5093-022-027,5093-022-008*
5093022009,5093-022-027,5093-022-009*
5093022010,5093-022-027,5093-022-010*
5093022011,5093-022-027,5093-022-011*
5093022016,5093-022-028,5093-022-016*
5093022017,5093-022-028,5093-022-017*
5093023057,5093-023-057,
5093024005,,
5093025102,5093-025-102,
5094004011,5094-004-021,5094-004-011*
5094004012,5094-004-021,5094-004-012*
5094009011,5094-009-036,5094-009-011*
5094017002,,
5094017003,5094-017-023,5094-017-003*
5094017004,5094-017-023,5094-017-004*
5094017005,5094-017-023,5094-017-005*
5094017007,,
5094017017,5094-017-022,5094-017-017*
5094017018,5094-017-022,5094-017-018*
5094017019,5094-017-022,5094-017-019*
5094018001,,
5094018013,,
5094018014,,
5094023011,,
5094023027,5094-023-041,5094-023-027*
5094023028,5094-023-041,5094-023-028*
5094023029,5094-023-041,5094-023-029*
5094023038,5094-023-040,5094-023-038*
5094023039,5094-023-040,5094-023-039*
5094024006,,
5094024015,,
5094025002,5094-025-086,5094-025-002*
5094025017,,
5094026018,5094-026-024,5094-026-018*
5101008023,,
5101011011,,
5101013012,,
5101031024,,
5101031032,,
5101034002,,
5101038029,5101-038-029,
5103010006,,
5103011003,,
5103016020,,
5104009002,,
5104013020,,
5104024009,,
5105002018,,
5106001002,,
5106002021,5106-002-020,
5106004039,5106-004-039,
5106020002,,
5107002010,,
5107010027,5107-010-030,5107-010-027*
5107022023,,
5107023028,,
5107031031,,
5109003039,,
5109005030,,
5109008009,,
5109025032,,
5110006023,,
5110006024,,
5110006028,,
5110009008,,
5110010007,,
5110020022,,
5110025003,5110-025-032,5110-025-003*
5111023025,,
5113003012,,
5113018013,,
5113029019,,
5113030001,,
5113031011,,
5113032031,,
5113036019,,
5114008021,,
5114014009,5114-014-034,5114-014-009*
5114014020,5114-014-037,5114-014-020*
5114018022,,
5114019005,,
5115001004,,
5115006011,,
5115019028,,
5116003005,5116-003-039,5116-003-005*
5116008002,,
5116027002,,
5118011001,,
5118014011,,
5119010017,,
5119013020,,
5119014016,,
5119022017,,
5119024005,,
5120001007,,
5120022006,5120-022-040,5120-022-006*
5120026022,,
5121012003,,
5121022011,,
5121029023,,
5122012009,,
5123011005,,
5123011009,,
5123011021,,
5123013002,,
5123020005,5123-020-033,5123-020-005*
5123020006,5123-020-033,5123-020-006*
5123020011,5123-020-029,5123-020-011*
5124018002,,
5124031006,,
5127003001,,
5127003017,,
5127003020,,
5127005003,,
5127012007,,
5127015007,,
5127015020,,
5127015021,,
5127023004,,
5127029037,,
5127032019,,
5127033021,,
5127036017,,
5127036022,,
5127037008,,
5128002016,,
5128002028,,
5128003029,,
5128003034,,
5128003039,,
5128004031,5128-004-043,5128-004-031*
5128008013,,
5128012020,,
5128014005,,
5128022025,,
5131005002,,
5131008019,,
5131021009,,
5131023014,,
5131025012,,
5135020016,,
5136003001,5136-003-020,5136-003-001*
5136003002,5136-003-020,5136-003-002*
5136003004,,
5136004009,5136-004-083,5136-004-009*
5136005018,,
5136019015,,
5136020005,,
5137010009,,
5137015012,,
5137015014,,
5137015016,,
5137022003,,
5137032014,,
5138005015,,
5141001901,5141-001-901,5141-001-901*
5141017004,5141-017-030,5141-017-004*
5141017005,5141-017-030,5141-017-005*
5141017006,5141-017-030,5141-017-006*
5141017007,5141-017-030,5141-017-007*
5141017008,5141-017-030,5141-017-008*
5141017009,5141-017-030,5141-017-009*
5141020012,,
5141020019,,
5141021002,,
5141023005,5141-023-026,5141-023-005*
5141023006,5141-023-026,5141-023-006*
5141026006,,
5142003012,,
5142023006,,
5142023013,5142-023-013,
5142024010,,
5142027007,5142-027-037,5142-027-007*
5143001004,5143-001-014,5143-001-004*
5143001005,5143-001-014,5143-001-005*
5143001014,5143-001-014,
5143009004,,
5143009005,,
5143010010,,
5143011001,,
5143021015,,
5147010001,,
5147029048,5147-029-048,5147-029-048*
5153002010,,
5153002028,,
5153016044,,
5153024018,5153-024-030,5153-024-018*
5153024019,5153-024-030,5153-024-019*
5153024020,5153-024-030,5153-024-020*
5153024021,5153-024-030,5153-024-021*
5153024022,5153-024-030,5153-024-022*
5153024025,5153-024-030,5153-024-025*
5153028007,5153-028-023,5153-028-007*
5153028014,,
5154001003,5143-001-026,5154-001-003*
5154001023,5154-001-023,
5154003009,5154-003-009,5154-003-009*
5154003010,,
5154004004,,
5154006010,5154-006-014,5154-006-010*
5154012019,,
5154015003,,
5154017009,,
5154029016,5154-029-030,5154-029-016*
5154029017,5154-029-030,5154-029-017*
5154031006,,
5154036008,,
5154037003,,
5155004021,,
5155006001,,
5155009013,5155-009-047,5155-009-013*
5155009014,5155-009-047,5155-009-014*
5155013004,5155-013-029,5155-013-004*
5155013005,5155-013-029,5155-013-005*
5155021016,5155-021-027,5155-021-016*
5155021018,5155-021-027,5155-021-018*
5155022021,,
5155027007,,
5155029009,,
5155032003,,
5155032004,,
5155033008,,
5156005021,,
5156007008,,
5156011006,5156-011-021,5156-011-006*
5156016002,5156-016-900,5156-016-002*
5156016017,,
5156022013,5156-022-030,5156-022-013*
5156022016,5156-022-030,5156-022-016*
5156024013,5156-024-044,5156-024-013*
5156025010,,
5156028014,,
5157006008,,
5157007011,,
5157007023,,
5157007026,,
5157008006,,
5157011011,,
5157012009,,
5157017010,5157-017-075,5157-017-010*
5157017031,5157-017-031,
5157018005,5157-018-065,5157-018-005*
5157018024,,
5157018043,,
5157018045,5157-018-062,5157-018-045*
5157020021,5157-020-132,5157-020-021*
5157020023,5157-020-132,5157-020-023*
5157021028,,
5157021030,,
5157023015,5157-023-025,5157-023-015*
5157025029,,
5157026016,,
5159004006,,
5159006009,5159-006-022,5159-006-009*
5159009005,,
5159009014,,
5159014009,5159-014-024,5159-014-009*
5159023011,5159-023-025,5159-023-011*
5159023013,5159-023-025,5159-023-013*
5159023014,5159-023-025,5159-023-014*
5159023016,5159-023-025,5159-023-016*
5159023017,5159-023-025,5159-023-017*
5160004009,,
5160009012,,
5160009013,,
5160009023,,
5160011010,5160-011-018,5160-011-010*
5160015002,,
5160020030,,
5160022028,5160-022-040,5160-022-028*
5160022029,5160-022-040,5160-022-029*
5160022030,5160-022-040,5160-022-030*
5160022032,,
5172020012,,
5174003015,,
5174005018,,
5174010034,,
5174014041,,
5174018057,5174-018-063,5174-018-057*
5174018062,5174-018-062,
5174019047,,
5174024005,,
5174024011,5174-024-043,5174-024-011*
5175004018,,
5175009008,,
5175010018,,
5175014008,,
5177016016,,
5177020004,,
5177020009,,
5177020024,,
5177022014,,
5177026019,,
5177027008,,
5177027021,,
5177027022,,
5177029015,,
5177034015,5177-034-031,5177-034-015*
5178018011,,
5179014900,5179-014-900,5179-014-900*
5180001013,,
5180002002,,
5180002005,,
5180002029,5180-002-029,5180-002-029*
5180003006,5180-003-030,5180-003-006*
5180003028,,
5180006030,,
5180007033,,
5180008010,5180-008-908,5180-008-010*
5180008011,,
5180009019,,
5180010031,,
5180012032,,
5183001017,,
5183002015,,
5183005014,,
5183008009,,
5183013001,,
5183013010,,
5183015026,,
5183016028,,
5183019003,,
5185009010,,
5185029018,,
5185032018,,
5185034014,5185-034-023,5185-034-014*
5185038004,,
5186008004,,
5188006002,,
5188006012,,
5188006021,,
5188006026,,
5188006036,,
5188008007,,
5188008008,,
5188014005,,
5188014015,,
5188022018,,
5189001002,,
5189006006,,
5201014012,,
5201014014,,
5201016001,5201-016-027,5201-016-001*
5202007010,5202-007-027,5202-007-010*
5202007020,5202-007-027,5202-007-020*
5202014008,,
5202014010,,
5202015016,,
5202016006,,
5202016009,,
5205015011,,
5205017002,,
5205020018,,
5207010024,,
5208001040,,
5208031011,,
5209035006,,
5210003011,,
5210005026,,
5210008011,,
5210013029,5210-013-029,
5210024002,5210-024-025,5210-024-002*
5210024003,5210-024-025,5210-024-003*
5210024009,5210-024-025,5210-024-009*
5210024011,5210-024-025,5210-024-011*
5210024015,,
5210030024,,
5210033001,5210-033-030,5210-033-001*
5211014026,,
5213035012,,
5216008017,5216-008-033,5216-008-017*
5218019036,,
5219012022,,
5219013019,,
5229027014,,
5302027010,5302-027-026,5302-027-010*
5303005010,,
5305024004,,
5305042003,5305-042-015,5305-042-003*
5305043003,,
5307002040,,
5309024003,5309-024-019,5309-024-003*
5309027001,,
5312005014,,
5312008017,5312-008-026,5312-008-017*
5401002023,,
5401007007,,
5401008014,,
5401008018,,
5401013021,,
5401013024,,
5401014016,5401-014-027,5401-014-016*
5401019002,,
5401019025,5401-019-040,5401-019-025*
5401020022,5401-020-022,
5401022019,,
5401026017,,
5401027017,5401-027-026,5401-027-017*
5402001004,,
5402001031,,
5402003012,,
5402003025,,
5402004025,,
5402006015,,
5402006030,,
5402010011,,
5402010012,,
5402010019,,
5402013001,5402-013-029,5402-013-001*
5402013007,,
5402013025,,
5402021001,5402-021-043,5402-021-001*
5402021002,5402-021-043,5402-021-002*
5402027026,5402-027-030,5402-027-026*
5402028002,,
5402028016,,
5402031026,5402-031-026,5402-031-026*
5402032003,,
5402032012,,
5402037004,,
5402039016,,
5404003017,5404-003-039,5404-003-017*
5404003018,5404-003-039,5404-003-018*
5404003019,5404-003-039,5404-003-019*
5404003020,,
5404003021,,
5404004013,5404-004-036,5404-004-013*
5404017014,,
5404020002,,
5404022017,,
5405001026,,
5405002024,,
5405007012,,
5405010017,,
5405022012,,
5406001030,,
5406011016,,
5406011020,,
5406014025,,
5406014032,,
5406015001,,
5406015045,5406-015-045,
5406016007,5406-016-036,5406-016-007*
5406016023,5406-016-036,5406-016-023*
5406016026,,
5406021032,,
5406021033,,
5406022028,5406-022-130,5406-022-028*
5406024006,5406-024-038,5406-024-006*
5406024008,5406-024-038,5406-024-008*
5406027014,,
5407005007,,
5407009019,,
5407024018,,
5408013004,5408-013-034,5408-013-004*
5410007006,,
5414002001,5414-002-010,5414-002-001*
5414005003,,
5414005062,,
5414018012,5414-018-030,5414-018-012*
5415008010,,
5415011039,5415-011-039,
5415026007,,
5419013007,,
5419018014,,
5419020024,,
5419020029,,
5419023010,,
5419023020,,
5420012008,,
5420013016,,
5420014011,,
5420016003,5420-016-018,5420-016-003*
5420016004,5420-016-018,5420-016-004*
5420019013,,
5420021006,,
5420021019,,
5420028019,5420-028-060,5420-028-019*
5420030027,,
5420032036,,
5422009009,,
5422010017,,
5422017035,,
5422018014,,
5422019030,,
5423010002,5423-010-032,5423-010-002*
5423011021,,
5423017028,,
5424012006,,
5424022029,5424-022-029,5424-022-029*
5424023005,,
5424023007,,
5424024008,,
5424027005,,
5424027006,5424-027-021,5424-027-006*
5425001022,5425-001-050,5425-001-022*
5425004022,,
5425004023,,
5425006028,,
5425009022,,
5425011017,,
5425016020,,
5425023009,,
5426003014,,
5426006018,,
5427002012,,
5427002020,,
5427003017,5427-003-025,5427-003-017*
5427004005,5427-004-009,5427-004-005*
5427006028,,
5427006030,,
5427007011,,
5427008015,,
5427009009,,
5427011028,5427-011-031,5427-011-028*
5427011029,5427-011-031,5427-011-029*
5427011030,5427-011-031,5427-011-030*
5427014023,,
5427015006,,
5427017035,,
5427023018,,
5427029005,,
5429003004,,
5429007009,,
5429007010,,
5429008007,5429-008-031,5429-008-007*
5429008008,5429-008-031,5429-008-008*
5429008010,5429-008-031,5429-008-010*
5429010023,,
5429016001,,
5429016027,,
5429017005,,
5429022011,,
5429023012,,
5429025003,,
5430013021,,
5430020001,,
5430027011,,
5430028001,,
5430031012,,
5430031034,,
5430032002,,
5430032022,,
5431003008,,
5431003012,,
5431021002,,
5431024011,,
5431025019,,
5432003004,5432-003-027,5432-003-004*
5432007006,,
5433024024,,
5433026004,,
5433026005,,
5434003006,,
5434018006,5434-018-020,5434-018-006*
5434025005,5434-025-086,5434-025-005*
5434025085,5434-025-085,
5434028026,,
5434030005,5434-030-042,5434-030-005*
5434030011,,
5434033006,5434-033-049,5434-033-006*
5435011012,,
5435016031,,
5435017001,,
5435023005,,
5435029024,,
5435035005,,
5436007010,,
5436007019,,
5436021003,,
5436031007,,
5437001012,,
5437001017,5437-001-025,5437-001-017*
5437013017,,
5437032003,,
5438009003,,
5438021011,,
5438026022,,
5439001025,5439-001-041,5439-001-025*
5440004017,,
5440015012,,
5440022003,,
5442014001,,
5442027008,,
5443012018,,
5443032020,,
5445016023,,
5445017028,,
5446001012,,
5446011008,,
5447014030,5447-014-041,5447-014-030*
5447014032,5447-014-041,5447-014-032*
5447014035,,
5447026019,,
5452007005,,
5452014013,,
5453001016,,
5453001022,,
5453024012,,
5454031004,,
5454031005,,
5455002011,,
5455002013,,
5455005009,,
5456002009,,
5456002011,,
5456005035,,
5456014008,,
5457010010,,
5458016003,,
5458021011,,
5458024014,,
5460007029,,
5462007008,,
5464024023,,
5467022024,,
5468013025,,
5468015008,,
5468024013,,
5468031011,,
5469008032,,
5469009040,,
5469011003,,
5469027019,,
5469028026,,
5469036002,,
5473024025,5473-024-025,
5474002015,,
5474004027,,
5474015018,,
5474024001,5474-024-018,5474-024-001*
5474028021,,
5474038036,,
5476018011,,
5477009014,,
5477024013,,
5478026010,5478-026-034,5478-026-010*
5478026029,,
5479016015,,
5479028019,,
5481002023,,
5481003008,,
5481007033,,
5483017017,,
5483022029,,
5484037014,,
5486003004,,
5486007002,,
5486015004,5846-015-046,5486-015-004*
5486027007,,
5492035008,,
5493001001,5493-001-027,5493-001-001*
5493001013,,
5493017030,,
5493020009,,
5493032014,,
5493034012,,
5501001023,,
5501017022,,
5501017023,,
5501018014,,
5501019001,5501-019-027,5501-019-001*
5501022020,,
5502004002,,
5502005006,,
5502006004,,
5502006019,,
5502011025,5502-011-025,5502-011-025*
5502013017,5502-013-063,5502-013-017*
5502013018,,
5502018002,5502-018-025,5502-018-002*
5502018015,5502-018-025,5502-018-015*
5502019010,,
5502019019,5502-019-019,
5503003012,,
5503018008,5503-018-022,5503-018-008*
5503020018,5503-020-026,5503-020-018*
5503020019,,
5503020020,5503-020-026,5503-020-020*
5504024022,5504-024-081,5504-024-022*
5504026013,,
5507008023,,
5508002006,,
5509003009,,
5510017036,,
5510018004,,
5510019001,,
5510023047,,
5511007007,,
5511009007,5511-009-022,5511-009-007*
5511009008,5511-009-022,5511-009-008*
5511010007,5511-010-047,5511-010-007*
5511010008,5511-010-024,5511-010-008*
5511010020,5511-010-024,5511-010-020*
5511011006,,
5511014004,5511-014-031,5511-014-004*
5511014005,,
5511014007,,
5511014008,,
5511015001,5511-015-024,5511-015-001*
5511015002,5511-015-024,5511-015-002*
5511015003,5511-015-024,5511-015-003*
5511015006,5511-015-023,5511-015-006*
5511015009,,
5511015010,5511-015-020,5511-015-010*
5511015012,5511-015-022,5511-015-012*
5511015013,5511-015-022,5511-015-013*
5511015014,,
5511015019,5511-015-023,5511-015-019*
5511016002,,
5511017001,,
5511017002,,
5511017003,,
5511028002,,
5511031016,5511-031-060,5511-031-016*
5511031018,5511-031-060,5511-031-018*
5511031042,5511-031-060,5511-031-042*
5511032003,5511-032-061,5511-032-003*
5511032014,5511-032-063,5511-032-014*
5511033036,5511-033-047,5511-033-036*
5511034018,,
5511034037,5511-034-037,5511-034-037*
5511035005,,
5511035008,,
5511035023,,
5511036023,,
5511039002,,
5511039006,,
5511041018,,
5511041029,,
5511042020,,
5511042026,,
5511043013,,
5511044035,,
5513003024,5513-003-055,5513-003-024*
5513003035,5513-003-030,
5513004012,5513-004-033,5513-004-012*
5513005011,,
5513005017,,
5513005043,,
5513024011,,
5514008007,,
5514008025,,
5514010046,,
5514012020,,
5514012022,,
5515019015,,
5515024001,,
5516022013,,
5516026007,5516-026-021,5516-026-007*
5517004014,,
5518006005,5518-006-026,5518-006-005*
5518007009,5518-007-030,5518-007-009*
5518007026,5518-007-030,5518-007-026*
5518009017,,
5518012031,5518-012-039,5518-012-031*
5518023004,,
5518025001,,
5518026006,,
5520002036,,
5520003045,,
5520003046,,
5520008006,,
5520008011,,
5520008012,,
5520011001,,
5520012018,,
5520014013,,
5520015008,,
5520015014,,
5520016011,,
5520016013,,
5520017009,5520-017-030,5520-017-009*
5520017010,5520-017-028,5520-017-010*
5520017018,,
5520022001,,
5520023002,,
5520023010,,
5520023013,,
5520024009,,
5520026005,,
5521004006,,
5521005018,,
5521005021,,
5521006003,5521-006-039,5521-006-003*
5521006004,5521-006-039,5521-006-004*
5521006015,,
5521006022,,
5521008011,,
5521010004,,
5521010017,5521-010-031,5521-010-017*
5521011002,,
5521012018,,
5521014011,5521-014-024,5521-014-011*
5521015001,,
5521015002,,
5521020005,,
5521021006,,
5521021012,,
5521023015,,
5521025018,,
5521025019,,
5521028014,,
5521028018,,
5521029001,,
5522003003,,
5522006011,5522-006-013,5522-006-011*
5522007019,5522-007-029,5522-007-019*
5522007020,5522-007-029,5522-007-020*
5522007021,5522-007-029,5522-007-021*
5522007026,,
5522010008,,
5522013006,,
5522013016,5522-013-040,5522-013-016*
5522014012,5522-014-042,5522-014-012*
5522014014,5522-014-042,5522-014-014*
5522015010,5522-015-029,5522-015-010*
5522015012,,
5522016018,5522-016-116,5522-016-018*
5522021019,,
5522022008,5522-022-023,5522-022-008*
5522022009,5522-022-023,5522-022-009*
5522025019,5522-025-020,5522-025-019*
5522028014,5522-028-042,5522-028-014*
5522029006,,
5522030004,5522-030-092,5522-030-004*
5522030006,5522-030-092,5522-030-006*
5522030011,5522-030-073,5522-030-011*
5522030013,,
5522031016,,
5522031017,,
5522033015,5522-033-028,5522-033-015*
5522033017,,
5522033018,,
5522033025,,
5523007003,,
5523007007,,
5523011019,,
5523025026,,
5523029035,,
5524001006,,
5524001011,,
5524001018,,
5524002001,,
5524002018,,
5524002019,,
5524004002,,
5524004005,,
5524004006,,
5524004009,,
5524004010,5524-004-029,5524-004-010*
5524005002,,
5524005005,,
5524005015,,
5524005016,,
5524005021,5524-005-044,5524-005-021*
5524006008,,
5524006027,5524-006-031,5524-006-027*
5524007008,,
5524007010,,
5525001006,,
5525001027,5525-001-059,5525-001-027*
5525002033,5525-002-051,5525-002-033*
5525002036,,
5525003004,5525-003-046,5525-003-004*
5525003006,5525-003-031,5525-003-006*
5525003009,5525-003-042,5525-003-009*
5525003022,5525-003-056,5525-003-022*
5525003023,,
5525003030,5525-003-031,5525-003-030*
5525004018,,
5525004022,5525-004-028,5525-004-022*
5525005025,,
5525006001,5525-006-031,5525-006-001*
5525006003,5525-006-031,5525-006-003*
5525006010,,
5525006011,,
5525006022,,
5525006027,5525-006-031,5525-006-027*
5525006028,5525-006-031,5525-006-028*
5525013021,,
5525014024,,
5525019013,,
5525019022,5525-019-049,5525-019-022*
5525020017,5525-020-125,5525-020-017*
5525023019,,
5525023020,,
5525023021,,
5525024004,,
5525024017,,
5525024027,,
5525025026,,
5525025028,,
5525025033,,
5525025041,,
5526001006,,
5526001008,,
5526001009,,
5526001017,,
5526001019,,
5526001026,,
5526001031,,
5526002023,,
5526002030,,
5526002035,,
5526002040,,
5526003016,,
5526003020,,
5526003029,,
5526004024,,
5526004026,,
5526005006,5526-005-058,5526-005-006*
5526005023,,
5526005028,,
5526005029,,
5526006010,,
5526006020,,
5526006033,,
5526007002,,
5526007003,,
5526017004,,
5526017005,,
5526018006,,
5526018015,,
5526022009,,
5526022010,,
5526022016,,
5526024023,,
5526025023,,
5526030033,,
5526032014,,
5526032026,,
5526035003,,
5527002021,,
5527002022,,
5527003003,,
5527003007,,
5527003018,,
5527003027,,
5527003029,,
5527004005,,
5527004006,,
5527004010,,
5527004012,,
5527005002,,
5527005006,,
5527005008,,
5527005009,,
5527005012,,
5527005018,,
5527005021,,
5527005023,,
5527005024,,
5527005025,,
5527006003,,
5527013016,,
5527020014,,
5527026007,,
5527028008,,
5527032021,,
5527032022,,
5527032023,,
5527032024,,
5527032025,,
5527036002,,
5527036004,,
5527039008,,
5528001024,,
5528001027,,
5528001028,,
5528001029,,
5528001042,,
5528001043,,
5528001054,,
5528002033,,
5528002034,,
5528002035,,
5528002036,,
5528003034,,
5528003035,,
5528003036,,
5528003037,,
5528003038,,
5528003040,,
5528004063,,
5528006010,,
5528006019,,
5528006029,,
5528006030,,
5528008019,,
5528008047,,
5528010034,,
5528012013,,
5528013026,,
5528013027,,
5528013029,,
5529003019,,
5529003028,,
5529003029,,
5529007022,,
5529007023,,
5529007030,,
5529007031,,
5529007032,,
5529010001,,
5529010031,,
5529010042,,
5529010049,,
5529016005,,
5529016008,,
5529016014,,
5529016036,,
5529016049,,
5529021037,,
5529021047,,
5529021052,,
5529021064,,
5529021065,,
5531012004,,
5531013011,,
5531025019,,
5532003002,,
5532003017,,
5532003031,,
5532004010,,
5532004016,,
5532005014,,
5532007017,,
5532008022,,
5532009026,,
5532011037,,
5532016004,,
5532017002,,
5532017004,,
5532017006,,
5533001056,,
5533001058,,
5533007023,,
5533007028,,
5533008003,,
5533013016,,
5533013026,,
5533014011,,
5533021014,,
5533021023,,
5533021029,,
5533022003,,
5533022010,,
5533022011,,
5533022017,,
5533023005,,
5533025004,,
5533025005,,
5533026008,,
5533026015,,
5533026024,,
5533027024,,
5533032015,,
5533032016,,
5533032021,,
5533032022,,
5533033008,,
5533033018,,
5533033027,,
5533034008,,
5533034009,,
5533034014,,
5533034015,,
5533034021,,
5533034022,,
5533034026,,
5533034027,,
5533035007,,
5533035009,,
5533035020,,
5533035021,,
5533036005,,
5533036006,,
5534004001,,
5534004012,,
5534005012,,
5534009003,,
5534009004,,
5534009011,,
5534009019,,
5534010005,,
5534010016,,
5534010016,,
5534011020,,
5534012004,,
5534013018,,
5534014003,,
5534014015,,
5534014017,,
5534015004,,
5534015006,,
5534015007,,
5534015008,,
5534015020,,
5534017013,,
5534017016,,
5534018007,,
5534018009,,
5534018018,,
5534019011,,
5534019012,,
5534019020,,
5534019021,,
5534022020,,
5534023015,,
5534023023,,
5534024018,,
5534025007,,
5534025018,,
5534025021,,
5534027011,,
5534027012,,
5534029011,,
5534031017,,
5534033006,,
5534034012,,
5534034013,,
5534034014,,
5534035003,,
5534035018,,
5535001016,,
5535003030,,
5535004019,,
5535005019,,
5535005023,,
5535014020,,
5535018027,,
5535021002,,
5535021003,,
5535024016,,
5535024022,,
5535024023,,
5535026010,,
5535027001,,
5535031001,,
5535031007,,
5535031008,,
5535031016,,
5535034012,,
5535034014,,
5535036006,,
5535036021,,
5536001015,,
5536001017,,
5536002012,,
5536002019,,
5536003007,,
5536003018,,
5536004021,,
5536005006,,
5536006024,,
5536007004,,
5536007029,,
5536007031,,
5536008015,,
5536010009,,
5536010010,,
5536013001,,
5536013027,,
5536015002,,
5536015013,,
5536016007,,
5536025003,,
5536025023,,
5537003025,,
5537004024,,
5537004025,,
5537005004,,
5537005005,,
5537007003,,
5537007015,,
5537007023,,
5537010018,,
5537010021,,
5537010030,,
5537011003,,
5537012007,,
5537015006,,
5537016002,,
5537018021,,
5537019010,,
5537019010,,
5537024004,,
5537024021,,
5537024022,,
5537025019,,
5537025033,,
5538003004,,
5538004031,,
5538004034,,
5538006010,,
5538015028,,
5538021001,,
5538022016,,
5539006014,,
5539008021,,
5539013009,,
5539013010,,
5539019005,,
5539019007,,
5539019018,,
5539019021,,
5539028004,,
5539034015,,
5539034021,,
5540002022,,
5540009009,,
5540009013,,
5540015009,,
5540024013,,
5540027004,,
5540027008,,
5542003009,,
5542014023,,
5542014026,,
5542014031,,
5542015010,,
5542018012,,
5542019007,,
5542019029,,
5542021028,,
5542021029,,
5542026010,,
5543002020,,
5543006011,,
5543008002,,
5543008009,,
5543008029,,
5543015013,,
5543016010,,
5543016014,,
5543016018,,
5543024001,,
5543024019,,
5543025001,,
5543027002,,
5543027013,,
5544002062,,
5544003021,,
5544004015,,
5544005010,,
5544006025,,
5544011019,,
5544013008,,
5544016026,,
5544016029,,
5544017013,,
5544025007,,
5544026010,,
5544030008,,
5544033016,,
5544033045,,
5544038027,,
5545002017,,
5545003014,,
5545003023,,
5545007029,,
5545007030,,
5545009010,,
5545009012,,
5545009043,,
5545011010,,
5545011011,,
5545014005,,
5545014010,,
5545014011,,
5545014014,,
5545014027,,
5545014030,,
5545014031,,
5545014040,,
5545014045,,
5545014046,,
5545015026,,
5545015027,,
5545015028,,
5545015041,,
5545015042,,
5545015043,,
5545015044,,
5546002009,,
5546003010,,
5546007024,,
5546009135,,
5546009136,,
5546017023,,
5546021031,,
5546027014,,
5546031008,,
5546031031,,
5547004021,,
5547004036,,
5547008025,,
5547010004,,
5547010005,,
5547013014,,
5547017028,,
5547018002,,
5547020001,,
5547020021,,
5547020027,,
5547020028,,
5547026047,,
5547028026,,
5547029006,,
5547031001,,
5547031002,,
5548008014,,
5548010018,,
5548012029,,
5548015027,,
5548019011,,
5548019035,,
5548019036,,
5548020039,,
5548021017,,
5548021033,,
5548021035,,
5548022040,,
5548023005,,
5548023006,,
5548024029,,
5549017005,,
5549017006,,
5549017010,,
5549018024,,
5549018024,,
5549019013,,
5549019018,,
5549020014,,
5549021010,,
5549026003,,
5550001009,,
5550020025,,
5550020026,,
5550022005,,
5550022013,,
5550023023,,
5550023024,,
5550026006,,
5550027012,,
5550031022,,
5551014011,,
5551016005,,
5575001027,,
5575005007,,
5576004056,,
5576019034,,
5579015003,,
5585020015,,
5586006006,,
5586006009,,
5586006013,,
5586007013,,
5586013004,,
5586023025,,
5586033004,,
5586035013,,
5589012009,,
5589017036,,
5589028007,,
5589031020,,
5589031022,,
5589033009,,
5589033052,,
5590001023,,
5590004001,,
5590006010,,
5590016018,,
5590017014,,
5590019008,,
5590023002,,
5590025005,,
5591013028,,
5591014020,,
5591022050,,
5591022051,,
5591023018,,
5591025012,,
5593027014,,
5594001003,,
5594001014,,
5594002008,,
5594029033,,
5669017004,,
5669025019,,
5669026013,,
5678026002,,
5678027003,,
5680027005,,
5684002020,,
5685004010,,
5685007004,,
5685016004,,
5685026012,,
5685027005,,
5685027023,,
5685029002,,
5686007015,,
5686010006,,
5689004031,,
5690003003,,
5690022009,,
5691004040,,
5691016001,,
6004015005,,
6004018024,,
6004019004,,
6004024024,,
6004033015,,
6006007035,,
6006010031,,
6006013024,,
6006018001,,
6006024012,,
6006028017,,
6011001063,,
6011010011,,
6011013005,,
6013008012,,
6013009019,,
6013012020,,
6013013017,,
6013013027,,
6013016027,,
6013021038,,
6013023007,,
6015002005,,
6020010002,,
6020014028,,
6020016015,,
6020018001,,
6020025023,,
6020026016,,
6020031011,,
6022008004,,
6023005017,,
6029009028,,
6030007027,,
6030025013,,
6030032023,,
6031006020,,
6031007024,,
6031010019,,
6031024012,,
6031033025,,
6031035027,,
6032005026,,
6032006020,,
6032006021,,
6032012008,,
6032014006,,
6032014013,,
6032015009,,
6032016035,,
6032020024,,
6032024022,,
6032028018,,
6034002011,,
6034010008,,
6034021016,,
6034027008,,
6034028002,,
6038012006,,
6039001021,,
6039002039,,
6039012034,,
6039014020,,
6039017047,,
6039017064,,
6040002003,,
6040021018,,
6041016016,,
6042011029,,
6042024004,,
6044007013,,
6047001005,,
6048004025,,
6048004030,,
6048004042,,
6048005020,,
6048022004,,
6048022007,,
6052010030,,
6052022018,,
6052030035,,
6052032036,,
6053016009,,
6053023006,,
6053026033,,
6054001009,,
6054001021,,
6054035007,,
6065035009,,
6069017007,,
6070003011,,
6070003038,,
6072004013,,
6073003016,,
6074023001,,
6074024027,,
6074025047,,
6075011015,,
6083005013,,
6083017015,,
6084004031,,
6086002011,,
6086002012,,
6119020024,,
7346003025,,
7347006011,,
7351014015,,
7410023015,,
7420012015,,
7420028023,,
7423019005,,
7425009006,,
7425014014,,
7448005003,,
7449007012,,
7452006004,,
7454005021,,
7455022015,,
7455023015,,
7459003007,,
7462008025,,
7462010031,,
7465020030,,
7467005005,,
7467020010,,
7560013029,,
